cause_name,Neonate,Infant,Young child,Child,Adolescent
Nutritional deficiencies,0.01783373037041431,1.8325264261841148,1.1207996314855246,0.8745732562512457,0.9524923888156033
Enteric infections,0.6899474890846482,7.093119416025536,2.30616627181102,1.216745692774307,1.033138134739597
Other infectious diseases,0.8384925626643416,5.136378143379378,2.8063146485345065,1.3763215842877334,0.8970549449552538
Maternal and neonatal disorders,20.224811587116996,2.1134459283915024,0.2462738335822668,0.21538843286502485,0.7744916838867186
Respiratory infections and tuberculosis,2.96754726384894,6.868320161694391,2.2433028160427364,0.8730901513010108,1.1070856619027192
Unintentional injuries,0.1550074271880649,1.0973391170553035,0.9979474680094395,1.1250049537217532,1.9335456922593741
HIV/AIDS and sexually transmitted infections,0.4897634465922214,0.9339028709774528,0.32755372455722964,0.14525217051778733,0.24603436932757877
Neglected tropical diseases and malaria,0.22006949481835927,2.8564115441845344,2.363798739166685,0.761403033096927,0.8484189555513801
Cardiovascular diseases,0.07639201740954578,0.31950228369374845,0.11574444908096125,0.15864550827234825,0.5771980662038715
Substance use disorders,2.4307610469089094e-05,0.0004569109636055803,0.0008825722330941376,0.0011155542352659482,0.13602564955260896
Other non-communicable diseases,2.3573401197606,3.13205813905726,0.6157466427674373,0.5332349615378704,0.997339611280836
Skin and subcutaneous diseases,0.0071209086072449275,0.1575780030269258,0.3482654324488271,0.48125486210762347,0.6493957302810924
Musculoskeletal disorders,0.0,0.0023785108839372675,0.0009452039350540654,0.04107919634052361,0.6228805802774964
Neoplasms,0.019813117327316748,0.19855141889541383,0.2665270093610643,0.33417265825979825,0.5981939997135294
Mental disorders,0.0021442411730965864,0.05494980275739074,0.10041762522757514,0.5290027638101568,2.269060103156192
Neurological disorders,0.006728654039893663,0.11804479296143605,0.10030309224086927,0.19675923398693151,0.9572739658540272
Digestive diseases,0.03418318629430287,0.25442500215182606,0.12217729466436067,0.15047033870585588,0.3919689598806585
Sense organ diseases,0.0002830495814298965,0.010227990377228852,0.030454393346447152,0.08439086973837598,0.26425886831787476
Diabetes and kidney diseases,0.0019224587913173159,0.05835998665663125,0.04323200889794272,0.06638975869000573,0.23065554407625186
Chronic respiratory diseases,0.021345372820624535,0.14518893056418727,0.14722238437239113,0.18702598442238202,0.34415506829733133
