cause,observed_trials,burden_dalys,expected_trials,observed_to_expected_ratio
Chronic respiratory diseases,1397,8107497.362304215,443.2935449631125,3.151410652993487
Mental disorders,1147,28359856.12643707,522.725796774977,2.1942670652119367
Other non-communicable diseases,1293,73267617.87570629,592.2877873603038,2.183060376379895
Diabetes and kidney diseases,559,3843522.4498303575,401.81176519553225,1.391198686598875
Maternal and neonatal disorders,941,226205399.07391444,687.0328570586887,1.3696579287759107
Sense organ diseases,515,3738505.007887267,400.349187427075,1.2863770332837483
Neurological disorders,577,13233079.83098694,472.8232373662479,1.2203291936624023
Digestive diseases,484,9146552.500932593,450.38605849443553,1.0746336190288177
Neoplasms,485,13599128.783805698,474.524505325465,1.022075771760934
Neglected tropical diseases and malaria,580,67648394.36121018,586.0993019289702,0.9895933984072388
Respiratory infections and tuberculosis,590,134904745.75155348,641.8444954021109,0.9192257692112313
Skin and subcutaneous diseases,361,15771107.294327663,483.8705214253669,0.7460673548299249
Other infectious diseases,365,106072704.55681317,621.8484697403013,0.5869597140802367
Unintentional injuries,251,50940373.47558906,564.6184012122732,0.4445480336118808
Musculoskeletal disorders,150,6402837.6146165505,429.73177909255196,0.3490549391454112
Cardiovascular diseases,153,11970064.97898557,466.62116936324674,0.32788911015071276
Enteric infections,205,118398497.042107,630.9121771507414,0.3249263644360127
HIV/AIDS and sexually transmitted infections,125,20558161.424124666,501.05183453157167,0.24947518676757516
Nutritional deficiencies,64,46040788.78131022,557.1523056618468,0.11486984680781993
Substance use disorders,19,1329007.8363779215,349.3934493014804,0.054379954856009646
