cause_name,trial_share_pct,burden_share_pct,log2_research_to_burden_ratio,absolute_gap_pp,n_trials
Chronic respiratory diseases,13.614657440795245,0.8449377404769164,4.010171833038119,12.769719700318328,1397
Diabetes and kidney diseases,5.447812104083423,0.4005597571121489,3.7655875545851583,5.047252346971273,559
Sense organ diseases,5.019003995711919,0.38961517136135665,3.6872793334180067,4.6293888243505625,515
Digestive diseases,4.7168891920865414,0.9532247816970043,2.3069473459057313,3.763664410389537,484
Neurological disorders,5.623233602962674,1.3791097390831581,2.027662721087822,4.2441238638795165,577
Mental disorders,11.178247734138973,2.955574536124412,1.9191835444714938,8.222673198014562,1147
Neoplasms,4.7266348309131665,1.4172582035571226,1.7377107896797015,3.309376627356044,485
Musculoskeletal disorders,1.4618458239937628,0.6672834914370114,1.1314194458806162,0.7945623325567515,150
Skin and subcutaneous diseases,3.5181756164116553,1.6436149364717139,1.0979551531926497,1.8745606799399415,361
Other non-communicable diseases,12.601111002826235,7.635719474404004,0.7227149312624961,4.965391528422231,1293
Substance use disorders,0.18516713770587662,0.1385049945950437,0.4188900790228334,0.046662143110832915,19
Cardiovascular diseases,1.4910827404736382,1.2474823246604756,0.25734094083726516,0.2436004158131626,153
Neglected tropical diseases and malaria,5.6524705194425495,7.050101766817886,-0.3187625200823669,-1.3976312473753367,580
HIV/AIDS and sexually transmitted infections,1.2182048533281358,2.1425065819722704,-0.8145428791903503,-0.9243017286441346,125
Unintentional injuries,2.446155345482896,5.308844658233936,-1.1178819009399679,-2.86268931275104,251
Respiratory infections and tuberculosis,5.7499269077088,14.0593460547898,-1.2899139696619497,-8.309419147081002,590
Maternal and neonatal disorders,9.170646135854204,23.574411465842513,-1.3621264641091544,-14.403765329988309,941
Other infectious diseases,3.5571581717181564,11.054561883821217,-1.6358448177040361,-7.49740371210306,365
Enteric infections,1.9978559594581426,12.339117004435112,-2.626714680748758,-10.341261044976969,205
Nutritional deficiencies,0.6237208849040055,4.798225433106904,-2.943528468207272,-4.174504548202898,64
