income_group,cause,n_trials,trial_share_pct,burden_share_pct
LIC,Cardiovascular diseases,1,0.18796992481203006,0.8406667973358524
LIC,Chronic respiratory diseases,11,2.0676691729323307,0.5136275998394431
LIC,Diabetes and kidney diseases,5,0.9398496240601504,0.4433330333718577
LIC,Digestive diseases,5,0.9398496240601504,0.6333584040088311
LIC,Enteric infections,43,8.082706766917292,13.175406045855672
LIC,HIV/AIDS and sexually transmitted infections,15,2.819548872180451,3.5017872596320414
LIC,Maternal and neonatal disorders,13,2.443609022556391,19.95173067610639
LIC,Mental disorders,2,0.37593984962406013,1.3771160158704672
LIC,Musculoskeletal disorders,0,0.0,0.24449664525748224
LIC,Neglected tropical diseases and malaria,344,64.66165413533834,13.81217179223426
LIC,Neoplasms,2,0.37593984962406013,1.021578069686167
LIC,Neurological disorders,15,2.819548872180451,0.7891477030597736
LIC,Nutritional deficiencies,20,3.7593984962406015,4.583534594215979
LIC,Other infectious diseases,15,2.819548872180451,15.716541822084935
LIC,Other non-communicable diseases,9,1.6917293233082706,5.786030441787849
LIC,Respiratory infections and tuberculosis,21,3.9473684210526314,12.892868881671657
LIC,Sense organ diseases,3,0.5639097744360901,0.1891775455345518
LIC,Skin and subcutaneous diseases,7,1.3157894736842104,0.883460952702158
LIC,Substance use disorders,0,0.0,0.027063096626409815
LIC,Unintentional injuries,1,0.18796992481203006,3.616902623118217
LMIC,Cardiovascular diseases,17,1.6865079365079365,1.2252938975418781
LMIC,Chronic respiratory diseases,58,5.753968253968254,0.5859291771246062
LMIC,Diabetes and kidney diseases,49,4.861111111111112,0.3310776199855969
LMIC,Digestive diseases,40,3.968253968253968,0.8723585305820665
LMIC,Enteric infections,56,5.555555555555555,14.42228747715305
LMIC,HIV/AIDS and sexually transmitted infections,9,0.8928571428571428,1.898587994921315
LMIC,Maternal and neonatal disorders,145,14.384920634920634,25.72730503661078
LMIC,Mental disorders,43,4.265873015873016,2.0194234996740237
LMIC,Musculoskeletal disorders,8,0.7936507936507936,0.4235401043103682
LMIC,Neglected tropical diseases and malaria,146,14.484126984126986,6.435844721998834
LMIC,Neoplasms,19,1.8849206349206349,0.9218437662888386
LMIC,Neurological disorders,64,6.349206349206349,1.1104536087847574
LMIC,Nutritional deficiencies,24,2.380952380952381,5.348862238015399
LMIC,Other infectious diseases,48,4.761904761904762,11.47863610223462
LMIC,Other non-communicable diseases,119,11.805555555555555,6.2318102064853536
LMIC,Respiratory infections and tuberculosis,62,6.15079365079365,15.006876115884543
LMIC,Sense organ diseases,44,4.365079365079365,0.3207027328653673
LMIC,Skin and subcutaneous diseases,37,3.670634920634921,1.2025400494990035
LMIC,Substance use disorders,2,0.1984126984126984,0.0582064275743703
LMIC,Unintentional injuries,18,1.7857142857142856,4.378420692465256
UMIC,Cardiovascular diseases,13,1.216089803554724,1.7329255284189895
UMIC,Chronic respiratory diseases,120,11.225444340505145,1.5558912525697555
UMIC,Diabetes and kidney diseases,42,3.9289055191768005,0.5621105840673847
UMIC,Digestive diseases,68,6.361085126286249,1.6062097698166016
UMIC,Enteric infections,28,2.6192703461178675,6.438890547696542
UMIC,HIV/AIDS and sexually transmitted infections,24,2.245088868101029,1.494306362551866
UMIC,Maternal and neonatal disorders,139,13.002806361085126,22.50789116627542
UMIC,Mental disorders,98,9.167446211412535,5.749889297185865
UMIC,Musculoskeletal disorders,8,0.7483629560336763,1.204242221365125
UMIC,Neglected tropical diseases and malaria,33,3.086997193638915,1.509765433373193
UMIC,Neoplasms,29,2.7128157156220767,3.1419801981755238
UMIC,Neurological disorders,61,5.706267539756782,2.3680367509229283
UMIC,Nutritional deficiencies,11,1.028999064546305,3.640851234467791
UMIC,Other infectious diseases,49,4.583723105706268,5.28428608172922
UMIC,Other non-communicable diseases,135,12.628624883068287,12.975692201328615
UMIC,Respiratory infections and tuberculosis,88,8.23199251637044,14.018545956867918
UMIC,Sense organ diseases,52,4.864359214218896,0.7182586752276242
UMIC,Skin and subcutaneous diseases,53,4.9579045837231055,3.531283965674049
UMIC,Substance use disorders,0,0.0,0.29655889090811904
UMIC,Unintentional injuries,18,1.683816651075772,9.662383881377473
HIC,Cardiovascular diseases,49,1.4194669756662803,1.8942882779545482
HIC,Chronic respiratory diseases,554,16.0486674391657,4.035658479621116
HIC,Diabetes and kidney diseases,185,5.359212050984937,0.456935362150513
HIC,Digestive diseases,144,4.171494785631518,1.069721952686842
HIC,Enteric infections,40,1.1587485515643106,1.3225746627132238
HIC,HIV/AIDS and sexually transmitted infections,9,0.2607184241019699,0.3412906788718933
HIC,Maternal and neonatal disorders,356,10.312862108922364,16.538816003459694
HIC,Mental disorders,516,14.947856315179605,15.918918245229591
HIC,Musculoskeletal disorders,44,1.2746234067207416,5.185746607820072
HIC,Neglected tropical diseases and malaria,8,0.2317497103128621,0.3469143616964614
HIC,Neoplasms,139,4.02665121668598,3.63134004749109
HIC,Neurological disorders,195,5.648899188876014,5.047541479434012
HIC,Nutritional deficiencies,4,0.11587485515643105,2.8300259294999885
HIC,Other infectious diseases,134,3.88180764774044,1.9149989781632075
HIC,Other non-communicable diseases,442,12.804171494785631,16.686826001215913
HIC,Respiratory infections and tuberculosis,227,6.575898030127463,5.244883048328888
HIC,Sense organ diseases,193,5.590961761297798,1.2660034252229158
HIC,Skin and subcutaneous diseases,100,2.8968713789107765,4.694701585382009
HIC,Substance use disorders,9,0.2607184241019699,1.5272799105143595
HIC,Unintentional injuries,104,3.0127462340672073,10.045534962543668
