Topic_Category,Low-income,Lower-middle-income,Upper-middle-income,High-income
Allergy & rhinitis,0.0,0.8379888268156425,2.2260273972602738,2.4578450985996
Cardiology,0.0,3.6312849162011176,2.482876712328767,1.886253215204344
"Dermatology, rheumatology & musculoskeletal",0.4,1.9553072625698324,2.654109589041096,3.258073735352958
"ENT, dental & craniofacial",1.0,4.748603351955307,3.1678082191780823,5.058588168048014
"Endocrine, growth & metabolic",0.0,1.86219739292365,3.1678082191780823,8.459559874249786
Gastrointestinal,4.2,6.145251396648044,5.907534246575342,3.972563589597028
"General/nonspecific, trauma, burns & critical care",0.6,3.2588454376163876,2.3972602739726026,3.7439268362389253
Infectious disease (systemic/parasitic),75.6,20.391061452513966,10.017123287671232,4.515575878822521
Neonatology (perinatal/neonatal-specific),1.4000000000000001,9.031657355679702,9.246575342465754,7.602172049156902
Nephrology & urology,0.8,3.2588454376163876,2.3116438356164384,2.6864818519577023
Neuropsychiatric & developmental,3.2,10.05586592178771,13.356164383561644,18.462417833666763
Oncology & haematology,3.2,5.58659217877095,4.965753424657534,5.287224921406116
Ophthalmology,0.4,1.3966480446927374,3.8527397260273974,1.0288653901114604
"Perioperative pain, sedation, anaesthesia & procedural care",3.2,18.24953445065177,20.376712328767123,13.575307230637327
Respiratory (non-neonatal),6.0,9.590316573556796,13.86986301369863,18.005144326950557
