,Neonate,Infant,Young child,Child,Adolescent
Nutritional deficiencies,1.0,22.2,20.2,11.2,9.5
Enteric infections,8.5,67.8,57.8,40.3,26.5
Other infectious diseases,28.7,99.5,83.5,78.5,61.8
Maternal and neonatal disorders,144.0,722.0,20.9,20.9,17.3
Respiratory infections and tuberculosis,55.9,190.3,144.3,111.0,79.6
Unintentional injuries,10.2,45.2,58.7,72.7,61.2
HIV/AIDS and sexually transmitted infections,7.3,39.4,23.4,26.9,27.0
Neglected tropical diseases and malaria,13.9,148.7,153.6,143.1,111.7
Cardiovascular diseases,10.6,31.9,28.9,38.1,39.6
Substance use disorders,0.0,0.0,0.0,0.0,19.0
Other non-communicable diseases,47.9,214.1,234.6,379.6,389.9
Skin and subcutaneous diseases,16.0,84.2,75.3,79.3,102.2
Musculoskeletal disorders,2.4,9.5,22.0,43.7,71.4
Neoplasms,28.9,83.4,106.9,130.1,109.8
Mental disorders,2.0,18.2,90.6,465.6,558.6
Neurological disorders,15.9,94.0,122.6,166.8,163.7
Digestive diseases,23.7,109.7,96.8,126.2,120.7
Sense organ diseases,16.8,104.2,128.1,153.9,107.0
Diabetes and kidney diseases,9.7,46.1,89.9,192.5,212.8
Chronic respiratory diseases,24.6,237.6,221.2,459.7,447.8
