country_clean,n_trials
United States,1749
Iran,521
China,509
India,433
United Kingdom,318
Italy,261
Canada,260
Turkey,232
Egypt,221
Netherlands,206
Australia,159
Japan,153
Germany,125
Brazil,123
Finland,120
France,112
Sweden,109
Pakistan,101
South Korea,84
Israel,80
South Africa,77
Denmark,73
Spain,73
Thailand,72
Uganda,66
Tanzania,64
Nigeria,63
Poland,54
Kenya,53
Mexico,52
Saudi Arabia,43
Switzerland,40
Indonesia,38
Bangladesh,37
Greece,36
Malawi,33
Burkina Faso,33
Belgium,30
Gambia,26
New Zealand,24
Vietnam,22
Norway,22
Mali,21
Jordan,21
Ghana,21
Cote d'Ivoire,21
Chile,19
Argentina,18
Papua New Guinea,17
Gabon,17
Qatar,16
Niger,15
Austria,15
Sri Lanka,13
Russia,13
Malaysia,12
Zambia,11
Congo,10
Lebanon,10
Nepal,10
Ethiopia,10
Costa Rica,9
Cameroon,9
Mozambique,9
Croatia,9
Iraq,8
Peru,8
Tunisia,8
Czechia,7
Senegal,7
Guinea-Bissau,7
Serbia,7
Laos,7
Sudan,7
Cuba,6
Singapore,6
Rwanda,6
Hungary,6
Ireland,5
Venezuela,5
Zimbabwe,5
Paraguay,5
Portugal,5
Benin,5
Guatemala,4
Madagascar,4
Honduras,4
Sierra Leone,4
Angola,4
Haiti,4
Ecuador,4
Kuwait,4
Romania,3
Puerto Rico,3
Botswana,3
Lithuania,3
Nicaragua,3
Liberia,3
Ukraine,3
Dominican Republic,3
Panama,3
Estonia,3
Slovenia,3
United Arab Emirates,2
Syria,2
Jamaica,2
Iceland,2
Slovakia,2
Colombia,2
Oman,2
Guinea,2
Algeria,2
Libya,1
Central African Republic,1
Equatorial Guinea,1
Bolivia,1
North Korea,1
Bulgaria,1
Bahrain,1
Afghanistan,1
Kosovo,1
Uruguay,1
North Macedonia,1
Albania,1
Kazakhstan,1
Burundi,1
Philippines,1
Vanuatu,1
Democratic Republic of Congo,1
Lesotho,1
